{
  "2025\\05": 0,
  "2025\\05\\16": 1767381469.4302628,
  "2025\\05\\17": 1767381469.4790547,
  "2025\\05\\18": 1767381469.579742,
  "2025\\05\\19": 1767381469.795518,
  "2025\\05\\22": 1767381469.811628,
  "2025\\05\\23": 1767381469.845945,
  "2025\\05\\24": 1767381469.866973,
  "2026\\01": 0,
  "2026\\01\\20": 1768911646.3299243
}